{
  "storyName": "Побег из подвала",
  "start": {
    "title": "Пробуждение",
    "text": "Ты просыпаешься в холодном помещении. Голова раскалывается. Холодный бетонный пол пробирает до костей. Единственный источник света — бледная луна, пробивающаяся сквозь зарешеченное окно под потолком. Память пуста. Ты замечаешь на своей руке татуировку: 17-Σ.",
    "image": "Basement.jpg",
    "choices": [
      {
        "text": "Попытаться выбраться через дверь",
        "condition": "key",
        "effect": "remove_key",
        "next": "corridor"
      },
      {
        "text": "Осмотреть ящики в углу",
        "next": "boxes"
      },
      {
        "text": "Осмотреть трубы у стены",
        "next": "pipes"
      }
    ]
  },

  "boxes": {
    "title": "Старые ящики",
    "text": "В пыльных ящиках ты находишь ржавый ключ и обрывок газеты с датой: 15.10.2045. В статье говорится о пропавших людях в этом районе.",
    "image": "boxes.jpg",
    "choices": [
      {
        "text": "Взять ключ и вернуться",
        "effect": "add_key",
        "next": "start"
      }
    ]
  },

  "pipes": {
    "title": "Система труб",
    "text": "Ты замечаешь, что одна из труб неплотно закреплена. За ней виден небольшой лаз, но он слишком узкий для взрослого человека.",
    "image": "pipes.jpg",
    "choices": [
      {
        "text": "Попытаться расширить лаз",
        "next": "escape_attempt"
      },
      {
        "text": "Вернуться назад",
        "next": "start"
      }
    ]
  },

  "escape_attempt": {
    "title": "Побег?",
    "text": "Ты с силой дергаешь трубу, но она не поддается. Громкий звук привлекает внимание. Слышны быстрые шаги снаружи.",
    "image": "alert.jpg",
    "choices": [
      {
        "text": "Спрятаться за ящиками",
        "next": "captured_ending"
      }
    ]
  },

  "corridor": {
    "title": "Коридор",
    "text": "Дверь открывается с скрипом. Перед тобой длинный темный коридор с двумя ответвлениями. Слышен далекий шум генераторов.",
    "image": "corridor.jpg",
    "choices": [
      {
        "text": "Пойти налево - к источнику света",
        "next": "lab_entrance"
      },
      {
        "text": "Пойти направо - в темноту",
        "next": "storage_room"
      }
    ]
  },

  "storage_room": {
    "title": "Комната хранения",
    "text": "В комнате ты находишь старый компьютер и документы. На мониторе мигает сообщение: 'Проект 17-Σ: испытуемые показали неожиданные результаты'.",
    "image": "storage.jpg",
    "choices": [
      {
        "text": "Попытаться включить компьютер",
        "condition": "password",
        "next": "truth_ending"
      },
      {
        "text": "Обыскать документы",
        "next": "documents"
      },
      {
        "text": "Вернуться в коридор",
        "next": "corridor"
      }
    ]
  },

  "documents": {
    "title": "Документы",
    "text": "В документах ты находишь пароль 'SIGMA17' и упоминания о экспериментах по улучшению человеческого организма. Ты - один из испытуемых.",
    "image": "documents.jpg",
    "choices": [
      {
        "text": "Вернуться к компьютеру",
        "effect": "add_password",
        "next": "storage_room"
      }
    ]
  },

  "lab_entrance": {
    "title": "Вход в лабораторию",
    "text": "Ты попадаешь в просторное помещение, похожее на лабораторию. На столе лежит пропуск с твоей фотографией. Вдалеке виден аварийный выход.",
    "image": "lab.jpg",
    "choices": [
      {
        "text": "Взять пропуск и идти к выходу",
        "effect": "add_pass",
        "next": "emergency_exit"
      },
      {
        "text": "Осмотреть лабораторию подробнее",
        "next": "lab_detail"
      }
    ]
  },

  "lab_detail": {
    "title": "Лаборатория",
    "text": "Ты находишь журнал экспериментов. Согласно записям, проект 17-Σ дал сбой, и все испытуемые должны быть 'ликвидированы'. Слышны приближающиеся голоса охранников.",
    "image": "lab_detailed.jpg",
    "choices": [
      {
        "text": "Срочно бежать к выходу",
        "next": "emergency_exit"
      },
      {
        "text": "Попытаться спрятаться",
        "next": "captured_ending"
      }
    ]
  },

  "emergency_exit": {
    "title": "Аварийный выход",
    "text": "Ты добегаешь до аварийного выхода. На двери сканер пропусков.",
    "image": "exit.jpg",
    "choices": [
      {
        "text": "Приложить пропуск",
        "condition": "pass",
        "next": "freedom_ending"
      },
      {
        "text": "Попытаться выбить дверь",
        "next": "alert_ending"
      }
    ]
  },

  "captured_ending": {
    "title": "Провал",
    "text": "Охранники находят тебя. Тебя возвращают в камеру и вводят седативные препараты. Эксперимент продолжается...",
    "image": "captured.jpg",
    "theme": "bad",
    "ending": true,
    "achievement": "Подопытный кролик",
    "choices": [
      {
        "text": "Начать заново",
        "next": "start"
      }
    ]
  },

  "alert_ending": {
    "title": "Тревога",
    "text": "Попытка выбить дверь активирует систему безопасности. Включается тревога, и через несколько минут тебя окружают охранники.",
    "image": "alert_ending.jpg",
    "theme": "bad",
    "ending": true,
    "achievement": "Шумный побег",
    "choices": [
      {
        "text": "Начать заново",
        "next": "start"
      }
    ]
  },

  "freedom_ending": {
    "title": "Свобода",
    "text": "Дверь открывается. Холодный ночной воздух обжигает легкие. Ты свободен, но твое прошлое и истинная природа эксперимента 17-Σ остаются загадкой.",
    "image": "freedom.jpg",
    "theme": "good",
    "ending": true,
    "achievement": "На свободе",
    "choices": [
      {
        "text": "Начать заново",
        "next": "start"
      }
    ]
  },

  "truth_ending": {
    "title": "Истина",
    "text": "Компьютер открывает доступ к архивам. Ты узнаешь, что 17-Σ - это эксперимент по созданию сверхлюдей. Ты - единственный выживший испытуемый с уникальными способностями. Теперь у тебя есть знания, чтобы противостоять создателям проекта.",
    "image": "truth.jpg",
    "theme": "good",
    "ending": true,
    "achievement": "Познавший истину",
    "choices": [
      {
        "text": "Начать заново",
        "next": "start"
      }
    ]
  }
}