{
  "start": {
    "title": "Ворота заброшенного поместья",
    "text": "Ты стоишь перед ржавыми воротами старинного поместья Блэквуд. Местные жители предупреждали тебя держаться подальше от этого места. Говорят, здесь пропадают люди. Но ты пришел сюда в поисках своего друга, который исчез три дня назад после того, как поспорил, что проведет здесь ночь. Ветер раскачивает скрипучую вывеску над воротами: 'Остерегайтесь теней'.",
    "image": "gates.jpg",
    "choices": [
      {
        "text": "Открыть ворота и войти",
        "next": "courtyard"
      },
      {
        "text": "Осмотреть забор в поисках другого входа",
        "next": "fence"
      },
      {
        "text": "Передумать и уйти",
        "next": "coward_ending"
      }
    ]
  },

  "fence": {
    "title": "Обходной путь",
    "text": "Ты находишь дыру в старом заборе. Просовываясь через нее, ты замечаешь под кустом странный предмет.",
    "image": "fence.jpg",
    "choices": [
      {
        "text": "Взять предмет и пролезть через дыру",
        "effect": "add_flashlight",
        "next": "courtyard"
      },
      {
        "text": "Проигнорировать предмет и пролезть",
        "next": "courtyard"
      }
    ]
  },

  "courtyard": {
    "title": "Заброшенный двор",
    "text": "Ты попадаешь на заросший двор. Дом возвышается перед тобой, его окна подобны пустым глазницам. На земле ты замечаешь свежие следы, ведущие к дому. Ветер приносит шепот из темноты.",
    "image": "courtyard.jpg",
    "choices": [
      {
        "text": "Последовать за следами к парадной двери",
        "next": "main_door"
      },
      {
        "text": "Осмотреть сарай в углу двора",
        "next": "shed"
      },
      {
        "text": "Включить фонарик и осмотреть территорию",
        "condition": "flashlight",
        "next": "courtyard_light"
      }
    ]
  },

  "courtyard_light": {
    "title": "Двор при свете фонаря",
    "text": "Свет фонаря выхватывает из темноты несколько важных деталей: разбитое окно на первом этаже и свежую царапину на коре старого дуба.",
    "image": "courtyard_light.jpg",
    "choices": [
      {
        "text": "Попытаться проникнуть через разбитое окно",
        "next": "broken_window"
      },
      {
        "text": "Осмотреть царапину на дереве",
        "next": "tree"
      },
      {
        "text": "Вернуться к парадной двери",
        "next": "main_door"
      }
    ]
  },

  "shed": {
    "title": "Старый сарай",
    "text": "В сарае пахнет плесенью и землей. На столе лежит пожелтевший дневник. Страницы исписаны дрожащим почерком.",
    "image": "shed.jpg",
    "choices": [
      {
        "text": "Прочитать дневник",
        "effect": "add_diary",
        "next": "diary_read"
      },
      {
        "text": "Обыскать сарай",
        "next": "shed_search"
      },
      {
        "text": "Вернуться во двор",
        "next": "courtyard"
      }
    ]
  },

  "diary_read": {
    "title": "Записи из дневника",
    "text": "'Они не ушли... Тени все еще здесь. Мистер Блэквуд запер их в подвале, но замок не вечен. Если читаешь это - беги, пока не стало слишком поздно. Они питаются страхом.' На последней странице нарисована странная символика.",
    "image": "diary.jpg",
    "choices": [
      {
        "text": "Вернуться во двор",
        "next": "courtyard"
      }
    ]
  },

  "shed_search": {
    "title": "Поиски в сарае",
    "text": "В старом сундуке ты находишь связку ключей и аптечку. Один из ключей помечен знаком, похожим на символ из дневника.",
    "image": "shed_search.jpg",
    "choices": [
      {
        "text": "Взять ключи и аптечку",
        "effect": "add_basement_key",
        "effect": "add_medkit",
        "next": "courtyard"
      },
      {
        "text": "Взять только ключи",
        "effect": "add_basement_key",
        "next": "courtyard"
      }
    ]
  },

  "main_door": {
    "title": "Парадная дверь",
    "text": "Массивная дубовая дверь заперта. Сквозь щели пробивается странное свечение. Ты слышишь приглушенные звуки из-за двери.",
    "image": "main_door.jpg",
    "choices": [
      {
        "text": "Попытаться выбить дверь",
        "next": "door_break"
      },
      {
        "text": "Поискать другой вход",
        "next": "courtyard"
      },
      {
        "text": "Прислушаться у двери",
        "next": "listen_door"
      }
    ]
  },

  "broken_window": {
    "title": "Разбитое окно",
    "text": "Ты пробираешься через разбитое окно и попадаешь в темную комнату. Воздух тяжелый и спертый. В углу ты замечаешь движущуюся тень.",
    "image": "broken_window.jpg",
    "choices": [
      {
        "text": "Направить фонарь на тень",
        "condition": "flashlight",
        "next": "shadow_reveal"
      },
      {
        "text": "Медленно отступить к окну",
        "next": "window_escape"
      },
      {
        "text": "Попытаться пройти мимо тени",
        "next": "shadow_attack"
      }
    ]
  },

  "tree": {
    "title": "Старый дуб",
    "text": "На коре дерева ты находишь вырезанные инициалы своего друга и стрелку, указывающую на дом. Рядом лежит его телефон.",
    "image": "tree.jpg",
    "choices": [
      {
        "text": "Взять телефон и осмотреть",
        "effect": "add_phone",
        "next": "phone_check"
      },
      {
        "text": "Следовать указанию стрелки",
        "next": "main_door"
      }
    ]
  },

  "door_break": {
    "title": "Взлом двери",
    "text": "С третьей попытки дверь поддается и с грохотом распахивается. Ты попадаешь в просторный холл. Пыльные портреты на стенах словно следят за тобой.",
    "image": "hall.jpg",
    "choices": [
      {
        "text": "Осмотреть портреты",
        "next": "portraits"
      },
      {
        "text": "Подняться по лестнице",
        "next": "stairs"
      },
      {
        "text": "Пройти в коридор слева",
        "next": "corridor"
      },
      {
        "text": "Осмотреть дверь в полу",
        "condition": "basement_key",
        "next": "basement_door"
      }
    ]
  },

  "basement_door": {
    "title": "Дверь в подвал",
    "text": "Ты находишь небольшую почти незаметную дверь в углу холла. Замок соответствует ключу из сарая.",
    "image": "basement_door.jpg",
    "choices": [
      {
        "text": "Открыть дверь ключом",
        "effect": "remove_basement_key",
        "next": "basement"
      },
      {
        "text": "Оставить дверь закрытой",
        "next": "hall"
      }
    ]
  },

  "basement": {
    "title": "Темный подвал",
    "text": "Лестница скрипит под твоим весом. В подвале ты находишь своего друга, привязанного к стулу. Он что-то бормочет, его глаза полны ужаса.",
    "image": "basement.jpg",
    "choices": [
      {
        "text": "Освободить друга",
        "next": "friend_rescue"
      },
      {
        "text": "Спросить что произошло",
        "next": "friend_talk"
      },
      {
        "text": "Осмотреть комнату",
        "condition": "flashlight",
        "next": "basement_investigate"
      }
    ]
  },

  "friend_rescue": {
    "title": "Спасение",
    "text": "Ты развязываешь друга. Он хватает тебя за руку и тащит к выходу. 'Надо бежать, пока они не проснулись!' - кричит он.",
    "image": "rescue.jpg",
    "choices": [
      {
        "text": "Бежать к выходу",
        "next": "escape_ending"
      },
      {
        "text": "Спросить кто 'они'",
        "next": "truth_reveal"
      }
    ]
  },

  "coward_ending": {
    "title": "Трусливый уход",
    "text": "Ты поворачиваешься и уходишь. На следующее утро в новостях сообщают об исчезновении еще двух человек в районе поместья Блэквуд. Ты никогда не простишь себе свою трусость.",
    "image": "coward.jpg",
    "theme": "bad",
    "ending": true,
    "achievement": "Беглец",
    "choices": [
      {
        "text": "Начать заново",
        "next": "start"
      }
    ]
  },

  "shadow_attack": {
    "title": "Нападение тени",
    "text": "Тень резко набрасывается на тебя. Холод пронзает все тело. Ты пытаешься кричать, но голос не слушается. Последнее что ты видишь - еще десятки таких же теней, выходящих из стен.",
    "image": "shadow_attack.jpg",
    "theme": "bad",
    "ending": true,
    "achievement": "Поглощенный тьмой",
    "choices": [
      {
        "text": "Начать заново",
        "next": "start"
      }
    ]
  },

  "escape_ending": {
    "title": "Побег",
    "text": "Вы с другом выбегаете из дома и больше не оглядываетесь. Прибежав в город, вы вызываете полицию, но когда они прибывают к поместью, находят его совершенно пустым. Ты спас друга, но тайна дома Блэквуд так и остается нераскрытой.",
    "image": "escape.jpg",
    "theme": "good",
    "ending": true,
    "achievement": "Спаситель",
    "choices": [
      {
        "text": "Начать заново",
        "next": "start"
      }
    ]
  },

  "truth_reveal": {
    "title": "Истина дома Блэквуд",
    "text": "Друг рассказывает о древнем ритуале семьи Блэквуд, который держал теней в подвале. Ритуал нарушен, и теперь тени свободны. Используя знания из дневника и символику, вам удается восстановить защиту и запечатать дом навсегда.",
    "image": "truth.jpg",
    "theme": "good",
    "ending": true,
    "achievement": "Избавитель",
    "choices": [
      {
        "text": "Начать заново",
        "next": "start"
      }
    ]
  }
}