{
  "start": {
    "title": "Берег",
    "text": "Ты просыпаешься на песчаном берегу. Солёная вода щиплет раны на лице. В памяти лишь обрывки: шторм, крики, тонущий корабль. Перед тобой простирается незнакомый тропический остров с густыми джунгями и высокими горами вдали. Волны приносят обломки корабля.",
    "image": "beach.jpg",
    "choices": [
      {
        "text": "Осмотреть обломки на берегу",
        "next": "wreckage"
      },
      {
        "text": "Отправиться в джунгли",
        "next": "jungle_entrance"
      },
      {
        "text": "Попытаться разжечь сигнальный костёр",
        "next": "signal_fire"
      }
    ]
  },

  "wreckage": {
    "title": "Обломки корабля",
    "text": "Среди разбросанных по песку обломков ты находишь ржавый нож, пустую бутылку и несколько консервных банок. Вдалеке видишь ящик, который могло выбросить на скалы.",
    "image": "wreckage.jpg",
    "choices": [
      {
        "text": "Взять нож и банки",
        "effect": "add_knife, add_cans",
        "next": "start"
      },
      {
        "text": "Попытаться достать ящик со скал",
        "next": "rocky_box"
      }
    ]
  },

  "rocky_box": {
    "title": "Скалистый выступ",
    "text": "Ты карабкаешься по мокрым скалам к застрявшему ящику. Внутри находишь медицинскую аптечку и судовой журнал с картой.",
    "image": "rocky_box.jpg",
    "choices": [
      {
        "text": "Взять аптечку и журнал",
        "effect": "add_medkit, add_map",
        "next": "start"
      }
    ]
  },

  "signal_fire": {
    "title": "Сигнальный костёр",
    "text": "Ты собираешь сухие ветки и пытаешься разжечь огонь трением. Это требует времени и сил, но постепенно появляется дымок.",
    "image": "signal_fire.jpg",
    "choices": [
      {
        "text": "Продолжать разжигать костёр",
        "condition": "smoke",
        "effect": "add_smoke",
        "next": "fire_success"
      },
      {
        "text": "Вернуться на берег",
        "next": "start"
      }
    ]
  },

  "fire_success": {
    "title": "Дым в небе",
    "text": "После часов усилий тебе удаётся разжечь устойчивый огонь. Густой чёрный дым поднимается в небо. Возможно, его кто-то заметит.",
    "image": "smoke.jpg",
    "choices": [
      {
        "text": "Продолжить исследование острова",
        "next": "start"
      }
    ]
  },

  "jungle_entrance": {
    "title": "Вход в джунгли",
    "text": "Густая стена растительности поглощает тебя. Воздух становится влажным и тяжёлым. Слышны странные звуки неизвестных существ. Впереди виднеется каменная тропа, ведущая вглубь острова.",
    "image": "jungle_entrance.jpg",
    "choices": [
      {
        "text": "Идти по каменной тропе",
        "next": "stone_path"
      },
      {
        "text": "Пробираться через заросли",
        "next": "thick_jungle"
      },
      {
        "text": "Вернуться на берег",
        "next": "start"
      }
    ]
  },

  "stone_path": {
    "title": "Древняя тропа",
    "text": "Тропа вымощена камнями, явно созданными разумными существами. Она ведёт к руинам каменных сооружений, покрытых мхом и лианами. Это явно следы древней цивилизации.",
    "image": "stone_path.jpg",
    "choices": [
      {
        "text": "Исследовать руины",
        "next": "ruins"
      },
      {
        "text": "Продолжить путь по тропе",
        "next": "mountain_path"
      }
    ]
  },

  "thick_jungle": {
    "title": "Густые заросли",
    "text": "Продираясь сквозь лианы и папоротники, ты натыкаешься на странное растение с яркими цветами. Рядом замечаешь следы на мягкой земле - они похожи на человеческие, но с неестественно длинными пальцами.",
    "image": "thick_jungle.jpg",
    "choices": [
      {
        "text": "Исследовать следы",
        "next": "strange_tracks"
      },
      {
        "text": "Осмотреть необычное растение",
        "next": "strange_plant"
      },
      {
        "text": "Вернуться к тропе",
        "next": "jungle_entrance"
      }
    ]
  },

  "strange_tracks": {
    "title": "Таинственные следы",
    "text": "Следы ведут к пещере, скрытой за водопадом. Внутри слышны тихие голоса и виден мерцающий свет.",
    "image": "tracks_to_cave.jpg",
    "choices": [
      {
        "text": "Войти в пещеру",
        "next": "waterfall_cave"
      },
      {
        "text": "Наблюдать с безопасного расстояния",
        "next": "cave_observation"
      }
    ]
  },

  "cave_observation": {
    "title": "Наблюдение за пещерой",
    "text": "Ты прячешься в кустах и наблюдаешь за входом в пещеру. Через некоторое время появляются несколько человек в самодельной одежде из листьев и шкур. Они не выглядят агрессивно, но лучше проявить осторожность.",
    "image": "cave_observation.jpg",
    "choices": [
      {
        "text": "Войти в пещеру",
        "next": "waterfall_cave"
      },
      {
        "text": "Вернуться в джунгли",
        "next": "thick_jungle"
      }
    ]
  },

  "strange_plant": {
    "title": "Яркий цветок",
    "text": "Растение испускает сладкий аромат. При ближайшем рассмотрении ты замечаешь, что его пыльца светится в тени джунглей.",
    "image": "strange_plant.jpg",
    "choices": [
      {
        "text": "Собрать пыльцу",
        "effect": "add_glowing_pollen",
        "next": "pollen_collected"
      },
      {
        "text": "Отойти подальше",
        "next": "thick_jungle"
      }
    ]
  },

  "pollen_collected": {
    "title": "Светящаяся пыльца",
    "text": "Ты аккуратно собираешь светящуюся пыльцу в пустую бутылку. Она может пригодиться как источник света или для других целей.",
    "image": "glowing_pollen.jpg",
    "choices": [
      {
        "text": "Вернуться в джунгли",
        "next": "thick_jungle"
      }
    ]
  },

  "ruins": {
    "title": "Каменные руины",
    "text": "Ты стоишь перед полуразрушенным каменным храмом. На стенах высечены странные символы, изображающие людей с чертами животных. В центре двора стоит алтарь с углублением необычной формы.",
    "image": "ruins.jpg",
    "choices": [
      {
        "text": "Исследовать алтарь",
        "next": "altar"
      },
      {
        "text": "Войти в храм",
        "next": "temple_entrance"
      }
    ]
  },

  "altar": {
    "title": "Загадочный алтарь",
    "text": "Углубление в алтаре точно соответствует размеру артефакта, который ты видел в обломках корабля. Возможно, это ключ к разгадке тайны острова.",
    "image": "altar.jpg",
    "choices": [
      {
        "text": "Вернуться за артефактом (если найден)",
        "condition": "artifact",
        "next": "critical_choice"
      },
      {
        "text": "Запомнить место и исследовать дальше",
        "next": "ruins"
      }
    ]
  },

  "temple_entrance": {
    "title": "Вход в храм",
    "text": "Тёмный проход ведёт вглубь храма. Воздух холодный и спёртый. Стены покрыты фресками, изображающими ритуалы и звёздные карты.",
    "image": "temple_entrance.jpg",
    "choices": [
      {
        "text": "Войти с факелом (если есть свет)",
        "condition": "glowing_pollen",
        "next": "temple_illuminated"
      },
      {
        "text": "Войти в темноте",
        "next": "temple_dark"
      },
      {
        "text": "Вернуться назад",
        "next": "ruins"
      }
    ]
  },

  "temple_illuminated": {
    "title": "Внутри храма",
    "text": "При свете светящейся пыльцы ты видишь просторный зал с колоннами. На стенах фрески изображают историю острова: пришествие древних, создание артефакта, предсказание о пробуждении. В центре зала находится каменный сундук.",
    "image": "temple_inside.jpg",
    "choices": [
      {
        "text": "Открыть сундук",
        "next": "temple_chest"
      },
      {
        "text": "Вернуться к руинам",
        "next": "ruins"
      }
    ]
  },

  "temple_chest": {
    "title": "Сундук в храме",
    "text": "Ты открываешь сундук. Внутри лежит древний меч с инкрустацией и свиток с инструкциями по использованию артефакта. Свиток говорит, что артефакт может либо пробудить остров, либо усыпить его, и решение должно быть принято в день равноденствия.",
    "image": "temple_chest.jpg",
    "choices": [
      {
        "text": "Взять меч и свиток",
        "effect": "add_sword, add_scroll",
        "next": "temple_illuminated"
      }
    ]
  },

  "temple_dark": {
    "title": "Темнота храма",
    "text": "В полной темноте ты спотыкаешься и падаешь в глубокую яму. Удар о камень оказывается смертельным...",
    "image": "darkness.jpg",
    "choices": [
      {
        "text": "Начать заново",
        "next": "start"
      }
    ],
    "theme": "bad",
    "ending": true,
    "achievement": "Жертва темноты"
  },

  "waterfall_cave": {
    "title": "Пещера за водопадом",
    "text": "За стеной воды ты обнаруживаешь пещеру, где живут потомки выживших с других кораблекрушений. Они создали здесь небольшое сообщество и относятся к тебе с осторожным любопытством.",
    "image": "waterfall_cave.jpg",
    "choices": [
      {
        "text": "Попытаться подружиться",
        "next": "befriend_tribe"
      },
      {
        "text": "Напасть первым (если есть оружие)",
        "condition": "knife",
        "next": "attack_tribe"
      },
      {
        "text": "Тихо уйти",
        "next": "thick_jungle"
      }
    ]
  },

  "befriend_tribe": {
    "title": "Новые союзники",
    "text": "Ты протягиваешь руки ладонями вверх - универсальный знак мира. Аборигены медленно приближаются. Самый старый из них говорит на ломаном английском: 'Ты не первый. Но можешь быть последним... спаситель'.",
    "image": "befriend_tribe.jpg",
    "choices": [
      {
        "text": "Спросить о спасителе",
        "next": "savior_question"
      }
    ]
  },

  "savior_question": {
    "title": "Легенда острова",
    "text": "'Остров пробуждается', - объясняет старейшина. - 'Древнее зло под горой ждёт того, кто поместит артефакт на алтарь в правильное время. Ты отмечен знаком'.",
    "image": "elder_talking.jpg",
    "choices": [
      {
        "text": "Спросить про артефакт",
        "next": "about_artifact"
      }
    ]
  },

  "about_artifact": {
    "title": "Сердце острова",
    "text": "'Артефакт - ключ к пробуждению или вечному сну острова', - говорит старейшина. - 'Он находится в обломках твоего корабля. Но будь осторожен - другие тоже ищут его'.",
    "image": "artifact_info.jpg",
    "choices": [
      {
        "text": "Отправиться за артефактом",
        "effect": "add_tribe_help",
        "next": "artifact_search"
      }
    ]
  },

  "artifact_search": {
    "title": "Поиск артефакта",
    "text": "С помощью новых друзей ты находишь в обломках странный металлический диск с узорами, похожими на те, что видел в храме.",
    "image": "artifact_found.jpg",
    "choices": [
      {
        "text": "Взять артефакт",
        "effect": "add_artifact",
        "next": "critical_choice"
      }
    ]
  },

  "critical_choice": {
    "title": "Судьбоносное решение",
    "text": "Теперь у тебя есть артефакт. Старейшина говорит: 'Завтра - равноденствие. Алтарь активируется на рассвете. Ты должен решить: пробудить остров или усыпить его навсегда'.",
    "image": "critical_choice.jpg",
    "choices": [
      {
        "text": "Активировать алтарь на рассвете",
        "next": "dawn_activation"
      },
      {
        "text": "Разрушить артефакт",
        "next": "destroy_artifact"
      },
      {
        "text": "Дождаться спасателей",
        "condition": "smoke",
        "next": "rescue_ending"
      }
    ]
  },

  "dawn_activation": {
    "title": "Рассвет на алтаре",
    "text": "На рассвете ты помещаешь артефакт в алтарь. Каменные символы начинают светиться. Остров просыпается, но не как зло, а как живое существо. Он принимает тебя как своего хранителя.",
    "image": "dawn_altar.jpg",
    "choices": [
      {
        "text": "Начать заново",
        "next": "start"
      }
    ],
    "theme": "good",
    "ending": true,
    "achievement": "Хранитель острова"
  },

  "destroy_artifact": {
    "title": "Разрушение",
    "text": "Ты разбиваешь артефакт молотом. Остров содрогается, затем затихает. Древняя магия угасает, но и спасатели теперь никогда не найдут это место. Ты остаёшься здесь навсегда.",
    "image": "destroy_artifact.jpg",
    "choices": [
      {
        "text": "Начать заново",
        "next": "start"
      }
    ],
    "theme": "neutral",
    "ending": true,
    "achievement": "Заточение в раю"
  },

  "rescue_ending": {
    "title": "Спасение",
    "text": "Твой сигнальный костёр заметил проходящий мимо корабль. Спасательная шлюпка приближается к берегу. Ты спасён, но тайна острова остаётся нераскрытой.",
    "image": "rescue.jpg",
    "choices": [
      {
        "text": "Начать заново",
        "next": "start"
      }
    ],
    "theme": "good",
    "ending": true,
    "achievement": "Возвращение домой"
  },

  "attack_tribe": {
    "title": "Кровавая встреча",
    "text": "Ты нападаешь на аборигенов, но их оказывается слишком много. Они обезоруживают тебя и приносят в жертву своему божеству...",
    "image": "sacrifice.jpg",
    "choices": [
      {
        "text": "Начать заново",
        "next": "start"
      }
    ],
    "theme": "bad",
    "ending": true,
    "achievement": "Жертва невежества"
  },

  "mountain_path": {
    "title": "Горная тропа",
    "text": "Тропа ведёт в горы. С высоты открывается вид на весь остров - он оказывается намного больше, чем ты думал. Вдали видишь активный вулкан и ещё одни руины.",
    "image": "mountain_view.jpg",
    "choices": [
      {
        "text": "Спуститься к вулкану",
        "next": "volcano"
      },
      {
        "text": "Исследовать новые руины",
        "next": "ancient_observatory"
      }
    ]
  },

  "volcano": {
    "title": "Подножие вулкана",
    "text": "У подножия вулкана ты находишь горячие источники и странные кристаллы, растущие из земли. Воздух наполнен сернистыми испарениями.",
    "image": "volcano.jpg",
    "choices": [
      {
        "text": "Собрать кристаллы",
        "effect": "add_crystals",
        "next": "crystals_collected"
      },
      {
        "text": "Вернуться назад",
        "next": "mountain_path"
      }
    ]
  },

  "crystals_collected": {
    "title": "Энергетические кристаллы",
    "text": "Кристаллы тёплые на ощупь и слегка вибрируют. Кажется, они содержат какую-то энергию.",
    "image": "crystals.jpg",
    "choices": [
      {
        "text": "Вернуться к исследованию",
        "next": "mountain_path"
      }
    ]
  },

  "ancient_observatory": {
    "title": "Древняя обсерватория",
    "text": "Эти руины когда-то были астрономической обсерваторией. Каменные арки точно указывают на положение звёзд в день равноденствия. На центральном камне высечены инструкции по использованию артефакта.",
    "image": "observatory.jpg",
    "choices": [
      {
        "text": "Изучить астрономические маркеры",
        "effect": "add_star_knowledge",
        "next": "mountain_path"
      }
    ]
  }
}