{
  "conditionMessages": {
    "key": "Нужен ключ!",
    "note": "Нужна записка!",
    "password": "Нужен пароль!",
    "pass": "Нужна ключ-карта!",
    "flashlight": "Здесь слишком темно! Нужен фонарик",
    "basement_key": "Нужен ключ!",
    "phone": "Нужен телефон!",
    "diary": "Нужен дневник!",
    "medkit": "Нужна аптечка!",
    "knife": "Нужен нож!",
    "cans": "Нужны консервные банки!",
    "map": "Нужна карта!",
    "smoke": "Нужен сигнальный дым!",
    "glowing_pollen": "Нужен источник света!",
    "artifact": "Нужен артефакт!",
    "tribe_help": "Нужна помощь племени!",
    "crystals": "Нужны кристаллы!",
    "sword": "Нужен меч!",
    "scroll": "Нужен свиток!",
    "star_knowledge": "Нужны знания о звёздах!"
  },
  "effectMessages": {
    "add_key": ["key", "Вы нашли ключ!"],
    "add_note": ["note", "Вы нашли записку!"],
    "add_password": ["password", "Вы нашли пароль!"],
    "add_pass": ["pass", "Вы нашли пропуск!"],
    "add_flashlight": ["flashlight", "Вы нашли фонарик!"],
    "add_diary": ["diary", "Вы нашли дневник!"],
    "add_basement_key": ["basement_key", "Вы нашли ключ от подвала!"],
    "add_phone": ["phone", "Вы нашли телефон!"],
    "add_medkit": ["medkit", "Вы нашли аптечку!"],
    "remove_key": ["key", "Вы использовали ключ!"],
    "remove_basement_key": ["basement_key", "Вы использовали ключ от подвала!"],
    "add_knife": ["knife", "Вы нашли ржавый нож!"],
    "add_cans": ["cans", "Вы нашли консервные банки!"],
    "add_medkit": ["medkit", "Вы нашли медицинскую аптечку!"],
    "add_map": ["map", "Вы нашли карту острова!"],
    "add_smoke": ["smoke", "Вы разожгли сигнальный костёр!"],
    "add_glowing_pollen": ["glowing_pollen", "Вы собрали светящуюся пыльцу!"],
    "add_artifact": ["artifact", "Вы нашли древний артефакт!"],
    "add_tribe_help": ["tribe_help", "Племя предложило вам помощь!"],
    "add_crystals": ["crystals", "Вы собрали энергетические кристаллы!"],
    "add_sword": ["sword", "Вы нашли древний меч!"],
    "add_scroll": ["scroll", "Вы нашли свиток с инструкциями!"],
    "add_star_knowledge": ["star_knowledge", "Вы изучили астрономические маркеры!"],
    "remove_knife": ["knife", "Вы использовали нож!"],
    "remove_cans": ["cans", "Вы использовали консервные банки!"],
    "remove_medkit": ["medkit", "Вы использовали аптечку!"],
    "remove_map": ["map", "Вы использовали карту!"],
    "remove_glowing_pollen": ["glowing_pollen", "Вы использовали светящуюся пыльцу!"],
    "remove_artifact": ["artifact", "Вы использовали артефакт!"],
    "remove_crystals": ["crystals", "Вы использовали кристаллы!"],
    "remove_sword": ["sword", "Вы использовали меч!"],
    "remove_scroll": ["scroll", "Вы использовали свиток!"]
  },
  "itemDisplayNames": {
    "key": "🔑 Ключ",
    "note": "📜 Записка",
    "password": "📜 Пароль",
    "pass": "🪪 Пропуск",
    "flashlight": "🔦 Фонарик",
    "diary": "📔 Дневник",
    "basement_key": "🔑 Ключ",
    "phone": "📱 Телефон",
    "medkit": "🧰 Аптечка",
    "knife": "🔪 Ржавый нож",
    "cans": "🥫 Консервные банки",
    "map": "🗺️ Карта острова",
    "smoke": "💨 Сигнальный дым",
    "glowing_pollen": "✨ Светящаяся пыльца",
    "artifact": "💠 Древний артефакт",
    "tribe_help": "👥 Помощь племени",
    "crystals": "💎 Энергетические кристаллы",
    "sword": "⚔️ Древний меч",
    "scroll": "📜 Свиток знаний",
    "star_knowledge": "🌌 Знания о звёздах"
  }
}